Customer,Product,Month,Devices,Served Devices,Entitlements,Activations,Users,API Calls,Cases,Jiras,Product Line,Fulfillments,ESD,Download
Charlie04,FNC,2025-11,178,164,151,148,133,44954,3,1,342,9,8,13
November03,FNC,2025-10,154,149,132,125,114,27246,5,5,554,5,5,5
Papa02,FNB,2025-08,105,104,96,78,70,15260,5,6,474,6,2,10
Sierra01,FNA,2025-02,60,54,37,27,26,9048,6,1,835,0,4,7
Tango01,FNC,2025-07,52,33,18,2,0,0,3,2,849,5,3,7
India04,FNA,2025-08,80,74,58,52,39,13260,3,5,592,13,4,3
Kilo04,FNA,2025-02,84,81,75,57,50,17250,7,6,425,6,5,4
Delta01,FNC,2025-02,112,103,91,91,88,37576,10,6,604,5,8,6
Golf04,FNC,2025-08,85,67,51,51,37,14763,0,1,594,4,6,20
Tango03,FNA,2025-04,111,92,73,66,57,26790,10,1,597,6,3,10
Kilo02,FNA,2025-09,89,88,72,68,61,24339,1,4,492,0,8,27
Foxtrot03,FNB,2025-11,163,149,147,134,121,30734,10,5,493,12,1,25
Golf01,FNA,2025-07,76,60,53,44,34,16490,5,4,764,14,5,26
Victor01,FNA,2025-05,103,102,89,74,68,31076,8,5,821,15,2,25
November02,FNA,2025-12,94,94,80,78,63,21735,0,1,328,1,5,9
Kilo03,FNA,2025-03,136,120,120,105,93,19995,6,6,853,4,0,19
Yankee03,FNC,2025-07,69,68,61,58,48,19776,3,1,574,2,6,0
Romeo03,FNB,2025-03,164,153,140,121,107,42372,9,1,619,3,4,7
Papa02,FNA,2025-07,66,59,53,40,40,15320,10,6,366,6,2,14
Juliet01,FNC,2025-02,92,75,64,48,35,9030,0,4,708,5,2,23
Victor02,FNB,2025-08,64,64,63,59,58,20126,4,6,520,10,9,8
Uniform01,FNC,2025-01,78,61,56,43,43,8901,1,1,836,0,2,16
Uniform01,FNB,2025-12,163,144,144,140,136,58208,7,2,845,5,4,3
Golf03,FNC,2025-12,81,66,62,50,49,21952,1,0,317,3,10,27
Papa04,FNC,2025-02,86,82,82,77,64,22080,1,1,800,0,5,6
Echo04,FNA,2025-03,138,136,126,123,116,49068,7,6,467,3,1,20
Bravo04,FNB,2025-06,152,144,143,133,120,43800,4,3,501,1,9,28
November01,FNA,2025-09,81,67,61,41,37,11322,7,0,645,2,10,21
Yankee04,FNB,2025-12,87,79,78,78,70,34020,5,5,766,0,3,12
Oscar04,FNC,2025-01,166,160,147,135,130,40560,6,2,784,5,7,30
Tango03,FNA,2025-07,167,163,150,147,133,27265,5,6,327,5,8,7
Kilo02,FNA,2025-07,116,109,101,99,84,39732,7,2,708,3,3,9
Echo02,FNC,2025-06,114,96,84,72,69,23184,9,3,388,4,1,1
Kilo03,FNC,2025-02,199,196,181,177,169,42926,7,6,831,0,7,21
November02,FNA,2025-05,119,104,91,91,88,38808,2,6,351,4,2,12
Uniform02,FNA,2025-10,110,95,79,64,50,19400,6,2,852,5,5,0
Victor02,FNC,2025-11,112,92,85,77,74,20350,7,4,546,14,1,20
Charlie02,FNA,2025-12,59,42,39,24,11,2387,0,2,386,4,9,10
Whiskey04,FNB,2025-11,138,132,119,119,105,24360,8,0,315,6,3,17
Echo04,FNA,2025-07,70,69,56,49,47,18518,2,3,814,10,10,29
Charlie01,FNB,2025-11,56,54,37,20,16,5776,3,3,633,5,8,0
Xray01,FNB,2025-06,78,60,50,39,33,14289,7,0,705,0,8,20
Papa04,FNC,2025-04,121,108,94,77,74,33966,4,2,697,10,4,10
Mike03,FNB,2025-07,84,79,65,58,48,23808,9,3,570,15,8,25
Juliet01,FNB,2025-02,192,192,189,170,170,48790,10,4,321,6,10,22
Sierra03,FNB,2025-08,110,104,101,87,86,42484,10,6,633,14,3,23
India01,FNC,2025-11,169,163,163,145,133,59717,7,4,879,5,2,7
November02,FNB,2025-02,178,168,155,141,130,46800,3,5,624,1,2,10
Romeo03,FNB,2025-01,154,149,130,129,115,43470,8,5,623,3,1,14
Papa02,FNC,2025-08,52,41,30,29,28,7448,1,1,716,4,9,16
Bravo03,FNB,2025-09,153,151,137,124,120,51480,4,0,679,6,3,21
Papa01,FNC,2025-11,87,79,66,52,44,12364,6,6,491,11,0,19
Juliet02,FNB,2025-01,50,40,33,24,23,9959,4,5,871,3,10,4
Kilo04,FNB,2025-01,99,87,72,58,55,19030,3,3,699,3,6,16
Oscar03,FNB,2025-03,182,181,172,153,141,54849,8,3,634,2,10,14
Uniform04,FNB,2025-12,134,118,103,87,72,26352,4,1,811,0,8,10
Whiskey03,FNC,2025-11,144,142,135,131,120,43800,8,3,578,10,1,2
Mike01,FNC,2025-07,107,93,84,82,76,22724,7,5,669,4,6,9
Hotel04,FNB,2025-11,170,161,150,134,119,46291,4,0,341,0,3,20
Romeo02,FNC,2025-09,197,179,177,170,168,59304,7,2,711,13,6,16
Papa02,FNC,2025-02,51,37,31,18,4,1408,0,6,466,0,5,6
Yankee04,FNA,2025-01,81,71,65,57,47,13066,2,4,375,0,0,24
November02,FNA,2025-08,172,158,143,125,114,24396,8,3,725,4,5,5
Echo03,FNC,2025-02,121,119,113,102,98,31556,3,1,438,8,7,6
November01,FNC,2025-03,191,176,162,146,140,59500,1,3,744,13,3,15
Lima03,FNB,2025-08,83,65,56,40,30,10410,5,0,379,11,7,6
Echo02,FNC,2025-07,199,194,192,185,175,37800,3,0,824,13,0,3
Mike01,FNA,2025-12,127,119,117,115,107,46759,6,3,636,13,5,1
Charlie02,FNC,2025-07,191,174,168,160,145,69310,10,6,596,5,9,0
Alpha01,FNA,2025-04,115,105,97,92,91,43589,1,0,738,5,5,23
Foxtrot01,FNA,2025-04,155,147,137,135,122,57828,2,1,690,15,1,0
Foxtrot04,FNC,2025-09,82,77,74,59,56,22960,0,2,589,10,7,26
Bravo03,FNC,2025-10,61,44,29,24,19,4693,6,5,559,8,10,30
Uniform01,FNA,2025-07,170,150,130,114,106,40810,10,3,312,3,4,16
Yankee01,FNC,2025-10,116,112,106,92,81,32562,5,4,455,6,1,30
Foxtrot04,FNC,2025-09,60,45,40,24,10,4050,8,3,647,4,9,25
Charlie04,FNC,2025-04,167,160,148,134,129,57921,6,3,490,4,2,1
Yankee04,FNA,2025-07,101,93,81,65,57,17385,3,3,763,12,7,12
Uniform03,FNB,2025-05,161,151,135,131,129,60888,2,4,652,13,8,28
Juliet03,FNA,2025-12,186,167,158,154,154,31416,0,2,540,14,4,26
India02,FNC,2025-11,86,69,50,40,38,8436,10,5,432,11,1,20
Hotel03,FNA,2025-02,143,134,133,133,127,29591,6,0,428,1,0,18
Delta03,FNA,2025-11,111,103,85,70,64,13248,9,5,411,2,3,15
India02,FNC,2025-04,155,148,137,136,123,50184,6,1,375,6,3,2
Sierra03,FNA,2025-02,100,92,74,73,64,23808,6,3,374,10,10,15
Delta04,FNC,2025-05,140,126,113,112,112,39200,3,6,459,7,7,20
Uniform01,FNA,2025-12,195,183,165,157,149,44104,0,3,459,1,2,20
Echo03,FNC,2025-06,164,146,134,130,124,41788,3,1,597,11,2,16
Bravo04,FNA,2025-05,93,82,78,68,60,20100,9,6,801,6,9,11
Quebec02,FNA,2025-11,164,149,132,129,121,48884,0,3,349,3,5,6
Victor04,FNB,2025-10,86,79,78,67,62,22382,1,5,675,0,7,3
Romeo03,FNA,2025-07,50,49,48,36,33,11550,5,4,681,0,6,29
Uniform03,FNB,2025-11,139,138,120,113,106,35616,3,2,490,14,1,8
Hotel01,FNC,2025-07,141,141,135,129,116,54172,10,6,572,2,9,19
Quebec02,FNC,2025-04,156,148,136,134,132,37356,4,0,560,10,8,13
Oscar02,FNB,2025-01,104,85,80,62,59,26963,10,3,896,3,3,12
Oscar01,FNA,2025-12,101,87,70,52,49,23471,4,1,404,10,7,10
Hotel02,FNC,2025-09,100,81,64,51,36,8172,7,1,899,7,1,4
Golf01,FNA,2025-01,147,130,111,107,104,44616,5,4,808,11,5,13
Bravo02,FNB,2025-10,124,116,111,107,98,34496,7,5,803,15,1,2
Whiskey04,FNC,2025-01,65,47,33,33,32,6848,5,4,303,2,10,7
Quebec01,FNA,2025-05,105,97,79,79,78,25038,2,5,666,3,6,30
Uniform04,FNA,2025-04,181,172,164,151,139,43646,6,6,506,11,5,30
Quebec03,FNB,2025-09,118,111,107,97,82,27388,4,3,686,7,9,26
Tango02,FNC,2025-11,131,127,111,91,79,23621,0,0,800,2,5,18
Echo01,FNC,2025-04,174,159,159,151,147,52038,0,5,672,11,8,29
Golf02,FNA,2025-01,127,119,105,97,87,26187,3,5,509,11,5,16
Victor02,FNA,2025-09,127,118,98,82,82,32718,6,3,572,3,8,1
Alpha02,FNC,2025-06,112,110,90,71,70,18970,2,2,550,10,10,7
Bravo01,FNB,2025-04,124,122,108,98,87,28884,0,3,567,0,7,9
Foxtrot01,FNA,2025-06,122,102,90,77,66,14718,1,3,544,4,1,27
Whiskey01,FNB,2025-07,143,140,138,121,111,50505,0,4,322,8,9,7
Juliet03,FNA,2025-08,69,65,60,57,46,12742,7,3,860,10,2,18
Yankee04,FNA,2025-05,112,102,96,92,80,34000,6,3,636,14,6,21
Lima02,FNB,2025-08,173,153,145,139,130,31850,4,4,870,13,0,29
Uniform04,FNA,2025-12,182,172,161,153,140,36400,2,3,382,15,4,2
Bravo04,FNC,2025-09,143,126,125,120,112,55104,10,0,482,2,9,8
Echo03,FNA,2025-02,71,59,43,23,19,9139,4,1,421,2,5,24
Tango03,FNB,2025-12,79,79,74,67,56,14280,3,5,699,13,6,13
Sierra02,FNB,2025-06,199,195,175,169,161,37835,0,3,363,6,10,24
Lima02,FNA,2025-11,126,113,109,108,97,23086,10,6,822,5,2,20
Delta01,FNA,2025-05,195,177,163,150,144,37152,8,5,682,11,0,28
Whiskey02,FNA,2025-11,141,125,114,94,94,26602,4,6,760,3,3,1
Tango02,FNC,2025-03,196,187,169,157,146,60736,1,4,726,7,4,5
Papa03,FNA,2025-03,87,71,70,60,48,23808,6,4,740,10,3,22
Lima04,FNC,2025-12,93,78,60,56,46,12420,9,6,704,12,9,28
Golf04,FNA,2025-11,178,173,153,150,148,52984,3,3,706,6,9,25
Echo01,FNA,2025-05,60,42,27,7,2,636,4,3,380,6,6,29
Oscar01,FNC,2025-04,82,65,60,49,34,12580,2,2,359,7,10,8
Papa04,FNC,2025-09,161,159,139,135,128,55936,2,0,752,13,0,14
Yankee02,FNB,2025-10,176,172,170,161,150,49200,5,3,655,4,9,18
Romeo02,FNC,2025-07,106,94,94,78,75,34125,3,4,564,14,0,23
Foxtrot03,FNC,2025-10,179,163,143,143,137,51238,4,0,718,1,10,13
Juliet01,FNB,2025-01,106,97,92,80,78,27066,1,4,308,7,8,0
Bravo02,FNB,2025-06,67,61,42,29,19,5244,1,3,731,9,4,7
Victor04,FNA,2025-10,199,185,172,163,151,66289,2,0,806,9,3,10
Romeo04,FNC,2025-08,134,119,114,106,104,49504,10,0,899,0,0,25
Lima04,FNB,2025-06,84,76,74,59,48,10656,1,4,423,3,1,14
Yankee03,FNB,2025-01,166,156,153,146,138,63756,5,5,690,7,7,18
Oscar04,FNB,2025-04,104,97,86,71,60,25680,1,1,351,14,1,19
Oscar02,FNB,2025-11,62,52,40,22,16,3344,7,3,339,14,1,20
Charlie04,FNB,2025-02,196,176,175,162,148,41144,7,3,838,4,2,4
Juliet03,FNC,2025-11,197,187,183,177,174,56202,6,6,535,3,0,7
India04,FNC,2025-01,132,120,104,103,95,39805,4,4,538,7,4,7
Delta01,FNB,2025-09,65,52,46,35,23,9614,2,1,371,6,8,3
Oscar02,FNA,2025-07,163,143,143,128,125,33750,10,5,630,7,6,5
Charlie02,FNB,2025-06,81,62,42,37,35,15575,7,3,778,8,9,25
Delta03,FNC,2025-11,174,161,154,135,133,46018,10,3,747,9,1,11
Hotel03,FNB,2025-03,102,87,84,78,69,26565,3,4,591,11,1,7
November04,FNC,2025-11,79,64,61,52,51,18666,9,4,740,4,7,26
Delta03,FNA,2025-04,86,75,74,66,55,22000,4,1,770,0,9,28
Whiskey04,FNB,2025-06,136,121,111,97,87,29406,4,3,741,4,3,20
Lima03,FNA,2025-02,122,120,119,115,108,37152,3,2,649,9,10,11
Romeo03,FNC,2025-02,56,51,38,18,16,5648,5,5,302,6,2,7
Uniform02,FNA,2025-08,189,174,170,159,149,53044,1,2,678,2,6,15
Alpha02,FNB,2025-11,92,72,61,42,42,16212,7,5,527,9,1,27
Golf02,FNC,2025-06,175,156,146,140,137,64116,8,6,886,8,6,4
Xray02,FNB,2025-05,134,119,99,79,76,32984,1,3,463,2,1,6
Charlie03,FNA,2025-02,82,65,51,46,44,21076,8,6,641,14,1,25
Alpha01,FNC,2025-02,82,79,74,71,60,20100,6,5,699,15,5,21
Victor01,FNA,2025-07,171,171,155,152,146,72708,9,4,694,6,0,11
Foxtrot01,FNC,2025-12,86,84,65,46,42,17640,5,3,773,8,1,9
Foxtrot02,FNB,2025-01,175,159,148,136,123,49692,1,1,767,9,4,18
Hotel02,FNB,2025-01,88,83,74,61,60,19200,5,4,475,11,5,25
Foxtrot04,FNB,2025-04,115,102,86,80,73,33434,0,5,779,6,6,28
Romeo01,FNC,2025-08,160,155,151,138,132,36036,0,3,481,12,4,25
Oscar04,FNC,2025-07,138,123,109,97,86,31992,0,6,380,12,5,26
Tango01,FNA,2025-08,112,109,102,92,89,38359,8,4,688,8,10,23
November02,FNB,2025-02,120,104,89,84,76,16416,7,0,443,2,10,14
Tango04,FNB,2025-01,180,169,151,136,132,27852,5,5,882,2,10,17
Sierra03,FNC,2025-03,123,110,108,100,90,38970,4,0,591,10,0,4
Kilo03,FNA,2025-05,181,165,160,158,156,78000,8,0,723,10,10,6
Uniform01,FNB,2025-06,132,123,111,110,98,37044,2,5,697,2,4,20
Juliet03,FNB,2025-12,124,121,103,103,102,45798,3,2,831,10,6,18
Hotel01,FNC,2025-03,117,117,117,99,96,38496,7,3,771,15,5,29
Charlie02,FNC,2025-10,104,93,84,82,72,29160,0,0,441,15,1,3
Delta02,FNC,2025-10,115,99,95,89,84,19824,1,5,737,7,4,27
Xray02,FNB,2025-10,185,171,164,163,162,33858,1,0,433,0,2,28
Alpha01,FNA,2025-10,199,187,180,171,170,35700,7,2,788,3,2,28
Alpha02,FNA,2025-08,55,41,27,22,16,7600,7,1,466,0,0,22
Romeo03,FNC,2025-09,114,101,101,92,81,24705,4,1,416,4,8,9
Foxtrot02,FNB,2025-01,112,106,105,89,74,35594,7,1,840,9,8,29
Alpha01,FNA,2025-04,171,161,158,151,140,52220,2,3,799,1,4,9
November01,FNC,2025-04,52,37,28,24,18,6516,5,6,699,5,2,22
Juliet04,FNA,2025-04,134,117,106,99,91,25935,4,0,329,7,0,16
Charlie01,FNA,2025-06,81,71,57,43,35,8365,5,2,318,15,3,20
Echo02,FNB,2025-11,71,70,63,43,41,19475,7,0,796,11,10,28
Juliet03,FNA,2025-06,50,38,35,23,21,6006,2,6,870,8,8,5
Uniform03,FNB,2025-07,197,183,165,153,140,34160,2,3,427,11,1,4
Tango04,FNA,2025-01,112,101,97,85,85,32895,6,2,841,11,0,27
Juliet01,FNC,2025-03,125,109,97,86,74,34114,7,6,488,6,9,3
Juliet01,FNA,2025-01,78,59,50,37,37,8251,2,6,491,7,8,17
Papa04,FNB,2025-06,69,56,38,18,4,1156,3,6,657,0,1,17
Papa02,FNA,2025-01,176,166,166,161,160,69120,1,4,681,3,1,4
Quebec02,FNB,2025-04,87,85,68,52,37,7437,10,1,527,14,1,5
Oscar04,FNB,2025-11,65,59,45,43,28,8008,2,4,514,13,10,3
Sierra02,FNA,2025-04,100,96,83,81,66,26730,0,5,378,0,0,13
Tango01,FNA,2025-02,104,99,85,85,71,22649,4,1,426,12,10,0
Victor04,FNB,2025-01,108,92,90,75,72,22608,6,6,820,3,8,5
Oscar02,FNC,2025-09,120,112,92,73,68,25228,10,2,592,0,3,30
Golf04,FNC,2025-09,78,68,52,45,37,17131,9,5,434,14,9,16
Charlie02,FNA,2025-10,121,112,92,80,80,17440,2,4,571,0,8,24
Victor01,FNA,2025-12,134,119,113,113,108,27648,5,4,452,8,1,9
Delta03,FNC,2025-09,191,184,178,177,169,72670,8,5,404,9,8,12
Romeo01,FNA,2025-10,184,177,173,162,156,58188,5,3,603,9,7,3
Foxtrot02,FNA,2025-07,189,186,170,150,149,42316,8,1,371,7,3,13
Romeo03,FNC,2025-12,127,111,105,102,90,26190,3,2,484,2,0,21
Golf01,FNC,2025-09,122,115,96,84,74,31450,0,0,491,11,9,24
Bravo02,FNC,2025-02,109,103,88,86,77,26334,4,5,327,15,9,10
Papa03,FNA,2025-12,114,106,95,90,90,22950,0,2,369,15,1,29
Mike01,FNA,2025-03,69,50,48,33,30,11730,6,1,572,10,0,24
Oscar04,FNB,2025-05,192,177,174,174,166,33200,10,4,849,12,7,16
Hotel03,FNB,2025-09,126,118,100,94,79,18881,7,3,448,14,1,21
Papa02,FNA,2025-10,196,186,186,172,169,49348,9,5,333,6,5,27
Delta02,FNA,2025-08,55,41,33,18,18,6246,7,0,562,12,1,8
Golf02,FNA,2025-12,70,67,62,50,46,14536,4,0,671,6,10,16
Quebec04,FNB,2025-06,180,175,155,140,135,27000,4,6,321,9,5,6
Sierra04,FNC,2025-08,77,69,62,61,50,19050,7,0,422,2,7,4
Kilo02,FNA,2025-02,122,112,96,82,74,18870,1,2,626,4,2,1
Charlie02,FNB,2025-07,192,185,177,177,172,71036,2,6,561,0,4,6
Uniform02,FNA,2025-07,127,126,123,119,115,48760,7,1,398,8,10,0
Foxtrot01,FNA,2025-04,73,62,55,36,25,6475,2,0,897,12,10,11
Oscar04,FNA,2025-04,182,167,164,152,140,29960,7,0,540,12,8,19
Charlie02,FNC,2025-09,97,95,88,71,71,17253,0,0,586,13,1,7
India02,FNB,2025-01,57,37,31,15,14,4718,9,3,318,1,7,12
Yankee02,FNC,2025-10,104,87,74,67,63,21672,8,5,782,15,10,28
November02,FNA,2025-01,145,127,109,104,98,24206,5,4,755,13,8,1
Bravo01,FNC,2025-01,52,52,39,35,26,10738,8,0,307,10,6,10
Golf04,FNC,2025-07,117,117,110,98,91,32942,9,6,754,12,0,4
Echo01,FNA,2025-02,134,124,112,111,104,22360,6,5,429,12,8,0
Delta01,FNB,2025-11,118,100,81,63,62,13702,2,0,720,7,10,17
Golf04,FNB,2025-03,62,58,57,37,28,11452,8,0,843,1,9,10
Papa01,FNC,2025-01,115,111,96,83,70,30380,1,6,766,6,0,3
Sierra01,FNB,2025-08,66,59,39,20,20,7540,4,5,519,6,3,11
Foxtrot01,FNA,2025-11,147,130,120,112,105,33915,8,5,350,9,0,13
Mike02,FNA,2025-06,124,122,111,106,96,35808,1,2,351,1,2,20
Hotel02,FNC,2025-01,103,95,83,80,76,19608,5,6,694,12,1,29
Sierra03,FNA,2025-02,170,161,145,127,113,30284,6,4,519,11,2,0
Juliet01,FNA,2025-04,124,117,100,93,87,37758,5,1,496,10,6,27
Yankee04,FNB,2025-10,112,98,78,67,62,18724,7,5,872,2,6,23
Golf01,FNC,2025-09,109,103,84,80,78,23790,2,1,639,13,9,9
Victor02,FNC,2025-12,97,83,79,65,63,30996,1,4,539,7,9,15
Sierra02,FNB,2025-11,98,80,77,64,52,24544,3,2,793,6,6,23
Sierra02,FNB,2025-06,95,82,68,59,56,18928,6,5,482,14,9,7
Romeo02,FNB,2025-02,164,145,136,128,127,33528,7,2,308,13,2,16
Xray02,FNB,2025-10,137,123,120,103,98,48118,5,1,879,15,5,14
Delta04,FNA,2025-05,94,92,80,74,61,19032,0,6,485,3,9,23
Romeo04,FNB,2025-05,110,110,92,81,70,18340,0,0,681,7,3,5
Kilo04,FNB,2025-05,72,55,50,43,39,8814,10,5,718,10,7,13
Echo03,FNC,2025-06,102,88,82,76,74,34336,6,4,625,0,5,13
Charlie03,FNA,2025-11,182,169,154,139,132,30228,6,3,442,15,7,0
Echo04,FNA,2025-02,96,96,93,90,82,25256,4,2,887,15,1,22
Oscar01,FNB,2025-10,144,130,121,106,104,51480,4,6,649,1,7,12
Yankee02,FNB,2025-09,133,115,104,91,84,30744,7,6,616,11,6,24
Hotel03,FNB,2025-07,88,75,57,37,26,11362,4,3,843,10,0,3
Quebec04,FNA,2025-06,149,145,134,123,121,52393,0,0,855,13,2,15
Tango02,FNB,2025-07,153,136,118,102,102,26316,6,4,891,4,10,5
Echo01,FNC,2025-03,80,78,74,56,47,20868,0,4,515,14,6,10
Romeo02,FNC,2025-11,191,181,167,157,147,32487,7,3,752,9,7,3
Tango04,FNB,2025-09,79,67,50,36,22,4818,1,6,451,8,2,20
Sierra03,FNC,2025-10,90,79,60,55,50,14100,2,5,681,12,10,5
November04,FNB,2025-09,160,157,146,126,114,55290,2,5,878,0,10,20
Echo03,FNC,2025-10,116,99,85,71,70,33530,7,6,557,6,3,10
Kilo02,FNA,2025-04,66,47,42,26,26,12506,6,2,339,1,9,5
Foxtrot03,FNC,2025-09,60,48,42,27,27,10611,0,6,632,0,2,16
Quebec02,FNB,2025-09,130,121,120,103,100,26500,2,2,312,4,9,25
Golf04,FNA,2025-03,100,84,71,68,56,16576,10,4,548,7,3,23
Kilo01,FNA,2025-05,182,175,156,143,138,43332,9,4,849,7,10,0
Hotel04,FNB,2025-02,145,139,126,113,98,35182,8,5,560,7,10,1
Romeo04,FNC,2025-09,61,42,41,37,33,10197,2,2,405,2,3,27
Quebec02,FNB,2025-06,50,47,32,31,24,6240,3,1,699,7,8,2
Juliet04,FNB,2025-12,196,179,171,158,144,56160,9,4,488,14,6,20
Juliet01,FNA,2025-01,61,41,30,20,17,3485,5,5,837,3,6,17
Sierra02,FNC,2025-04,117,105,93,81,76,22344,0,1,890,0,5,9
Yankee03,FNB,2025-10,167,147,140,132,132,32868,2,2,481,6,9,17
Lima03,FNC,2025-06,75,75,55,42,40,10080,1,5,574,8,5,2
Charlie04,FNA,2025-01,166,147,131,115,101,32421,6,6,616,10,7,23
Tango04,FNC,2025-02,152,133,116,99,98,21952,2,0,503,15,9,10
Sierra03,FNA,2025-09,159,156,138,131,131,57378,8,3,829,12,6,30
Quebec03,FNA,2025-02,67,62,50,40,26,6188,6,2,892,1,8,12
Echo04,FNC,2025-02,186,173,160,158,150,69750,7,4,530,5,7,6
Mike01,FNB,2025-10,168,158,138,120,110,32230,4,2,679,8,0,11
Kilo02,FNB,2025-02,178,178,170,153,140,44100,5,0,639,12,7,10
Hotel02,FNA,2025-03,82,75,56,46,42,12222,4,1,679,8,5,7
Romeo04,FNC,2025-03,197,179,166,149,144,32256,8,5,878,14,0,30
Quebec03,FNC,2025-06,122,119,107,102,87,43326,3,6,420,11,6,27
Uniform01,FNA,2025-03,163,158,150,136,132,65868,1,1,571,9,9,24
Charlie01,FNB,2025-05,124,114,95,78,72,17640,5,6,814,14,9,0
Sierra04,FNA,2025-11,102,101,87,84,74,19018,3,1,875,6,5,5
Echo04,FNC,2025-05,93,78,72,55,47,18471,3,0,649,0,3,1
Lima03,FNB,2025-11,172,170,154,146,132,53988,0,2,384,13,3,28
Mike04,FNC,2025-12,193,192,190,186,171,60192,8,3,597,0,1,11
Juliet04,FNB,2025-12,123,119,101,100,96,43296,8,3,347,7,5,18
Lima04,FNC,2025-05,161,148,147,138,132,46068,4,0,669,2,0,17
Mike04,FNC,2025-09,129,129,119,100,93,25389,2,3,333,8,8,29
Alpha04,FNA,2025-10,161,156,152,147,143,67639,5,0,739,2,9,15
Tango01,FNC,2025-12,147,146,138,120,120,58560,6,3,867,13,1,13
Oscar02,FNC,2025-08,64,64,62,62,50,17550,3,2,479,7,6,15
Uniform03,FNA,2025-10,92,78,71,63,55,17655,4,6,675,1,0,11
Golf04,FNA,2025-02,170,165,160,142,135,64935,0,3,651,12,9,10
Charlie02,FNB,2025-06,184,174,158,158,144,45648,2,3,400,7,3,24
Tango01,FNB,2025-09,174,167,165,156,150,35700,0,6,777,13,8,5
Yankee01,FNB,2025-04,136,133,127,125,117,37206,9,5,388,13,8,6
Delta03,FNA,2025-01,104,87,76,71,61,19825,10,6,866,9,2,0
Foxtrot04,FNB,2025-11,79,74,65,51,38,19000,6,0,629,0,3,27
Lima03,FNB,2025-01,167,165,145,128,128,40704,7,4,869,5,6,9
Xray04,FNC,2025-08,123,114,106,95,89,27412,6,4,358,0,0,25
Alpha03,FNA,2025-12,179,173,156,146,146,42778,4,5,656,6,2,23
Uniform04,FNB,2025-11,173,159,142,123,120,51240,5,3,389,12,2,20
Mike01,FNC,2025-11,51,37,31,30,18,7398,3,3,497,2,2,22
Mike01,FNC,2025-06,196,190,178,167,161,80339,4,3,537,9,5,0
India01,FNB,2025-11,115,104,97,84,80,28160,5,4,701,4,5,26
Sierra04,FNC,2025-02,69,53,51,35,25,5925,5,5,532,8,3,21
Whiskey04,FNB,2025-07,136,131,123,120,106,41658,9,3,454,10,4,3
Tango02,FNB,2025-01,158,151,133,126,113,42262,5,4,681,0,0,12
Lima01,FNB,2025-07,187,184,177,173,172,55040,2,4,327,4,6,28
Delta03,FNB,2025-06,183,179,161,154,145,67570,4,5,406,11,9,11
Lima02,FNA,2025-06,70,67,55,45,41,13079,10,5,843,9,7,19
Kilo04,FNC,2025-09,122,111,92,84,75,27450,7,0,896,12,10,11
Mike04,FNB,2025-08,58,40,25,15,14,6132,6,6,332,6,6,10
Oscar01,FNC,2025-02,163,156,150,145,141,49773,8,4,390,15,6,5
Foxtrot02,FNA,2025-08,65,46,31,12,0,0,4,0,683,12,9,12
Golf01,FNB,2025-09,192,177,159,155,145,63510,2,1,728,13,10,13
Yankee02,FNA,2025-07,135,131,125,121,112,53872,10,2,628,2,7,11
Bravo01,FNC,2025-09,174,161,142,136,135,51705,7,1,834,7,10,11
Bravo04,FNB,2025-04,141,136,119,111,101,44945,7,3,476,7,9,16
Papa01,FNC,2025-01,77,60,45,31,27,10530,5,6,484,12,9,18
Foxtrot02,FNC,2025-06,172,163,144,125,121,38357,0,4,712,7,4,14
November02,FNB,2025-04,70,62,48,38,28,6692,2,3,301,7,6,4
Uniform02,FNC,2025-09,115,95,94,94,83,40753,7,3,892,6,1,11
Uniform02,FNC,2025-10,189,172,170,151,144,48384,5,2,570,6,2,16
Mike01,FNC,2025-01,122,114,110,96,90,26460,3,0,420,10,4,24
Whiskey03,FNA,2025-11,172,157,157,147,142,34364,10,3,615,10,9,8
Sierra03,FNA,2025-05,132,128,110,109,104,45760,9,6,380,8,6,5
Romeo03,FNC,2025-09,112,112,112,98,87,38367,9,3,419,8,8,16
Xray01,FNC,2025-03,105,99,96,85,70,17500,0,6,538,15,1,12
Sierra04,FNB,2025-04,146,126,124,105,103,41509,2,4,676,5,0,14
Juliet01,FNC,2025-09,179,160,143,132,124,36828,3,5,421,0,3,26
Kilo01,FNC,2025-10,65,53,44,39,39,14430,0,4,598,6,6,23
Alpha02,FNC,2025-07,117,110,98,92,86,34572,2,3,835,7,9,4
Victor01,FNA,2025-12,197,180,161,152,137,37538,5,4,443,0,6,6
Golf03,FNC,2025-04,99,88,80,65,65,26520,4,6,426,10,2,0
Uniform01,FNB,2025-04,139,123,123,109,107,47936,4,6,892,9,10,9
Quebec01,FNB,2025-03,178,176,161,142,136,47736,3,6,612,13,0,15
Charlie01,FNA,2025-08,199,181,180,169,154,65604,5,6,536,11,4,19
November03,FNA,2025-11,197,185,184,166,156,75660,3,4,480,4,7,7
Kilo04,FNB,2025-04,191,185,177,163,161,44597,4,1,800,4,8,13
India01,FNC,2025-09,71,54,49,43,29,10817,7,6,619,7,9,25
Charlie02,FNB,2025-09,174,154,152,150,140,35840,4,1,557,12,7,21
Sierra03,FNB,2025-02,110,94,94,93,90,19620,8,4,760,10,4,7
Xray02,FNA,2025-04,125,117,99,92,78,36972,5,1,799,2,9,27
Golf01,FNA,2025-09,69,51,50,39,29,12006,4,1,686,10,5,13
Charlie03,FNA,2025-02,96,96,94,87,79,36577,9,4,748,8,2,12
Papa02,FNC,2025-09,192,178,177,174,165,73425,6,5,738,7,4,5
Yankee03,FNA,2025-01,67,53,40,39,33,9537,5,4,490,12,7,12
Uniform01,FNA,2025-11,82,78,76,57,46,11086,7,1,868,8,3,6
Romeo04,FNA,2025-05,156,149,131,130,115,37030,8,1,489,4,3,8
Yankee03,FNC,2025-07,70,66,51,45,30,6360,2,6,682,4,7,27
Charlie01,FNB,2025-02,147,143,136,130,127,57531,10,0,741,15,7,27
Delta04,FNA,2025-02,165,152,132,119,107,32207,10,6,748,0,1,25
Delta02,FNB,2025-01,109,97,93,84,82,37638,6,4,404,14,5,25
Whiskey02,FNB,2025-09,58,44,42,41,41,13120,9,4,484,0,0,30
Delta04,FNC,2025-10,51,35,22,21,7,1617,2,3,325,13,4,20
Lima03,FNB,2025-08,59,59,48,32,21,9849,5,5,635,4,5,22
November03,FNC,2025-03,169,155,142,134,131,38514,3,1,317,10,6,0
Romeo04,FNB,2025-02,112,108,103,91,82,31980,8,4,793,14,9,24
Golf03,FNB,2025-03,162,155,146,146,145,72210,5,5,609,3,6,6
Victor03,FNA,2025-08,193,190,171,159,149,38740,1,6,769,9,10,19
Whiskey04,FNC,2025-04,74,70,55,36,31,14508,1,4,684,13,5,1
Delta02,FNC,2025-05,163,155,149,146,142,50552,10,4,585,6,9,24
Xray01,FNA,2025-04,57,52,39,31,26,9672,7,2,304,0,1,7
Papa03,FNA,2025-01,119,108,96,90,86,35776,0,3,382,2,8,29
Whiskey02,FNA,2025-07,78,64,53,39,38,17404,5,6,440,1,8,12
Victor03,FNC,2025-12,193,182,178,176,162,58158,6,3,616,3,6,8
Quebec02,FNC,2025-08,173,161,150,148,135,44685,0,0,664,12,8,26
Victor04,FNC,2025-11,106,89,84,66,53,12137,0,5,850,0,1,12
Victor02,FNC,2025-10,160,142,137,136,121,27830,10,3,601,8,8,26
Kilo01,FNC,2025-12,168,153,149,130,115,26795,5,1,700,2,2,18
Sierra01,FNA,2025-01,136,119,105,94,79,35076,2,2,639,1,10,10
Xray03,FNB,2025-05,91,76,67,64,63,23625,6,1,445,9,2,17
Xray01,FNB,2025-06,62,54,47,30,18,7128,6,1,762,11,10,17
Romeo02,FNA,2025-12,88,75,65,52,45,10350,9,2,744,5,7,29
Sierra02,FNB,2025-04,198,180,168,166,156,39312,3,2,670,14,0,13
Tango03,FNC,2025-07,60,41,32,20,17,6732,2,5,775,2,7,10
Oscar02,FNA,2025-10,66,49,46,42,37,18167,4,3,652,3,2,0
Charlie02,FNA,2025-07,150,140,136,116,106,40704,10,5,582,7,7,25
Golf04,FNB,2025-05,106,101,92,75,60,29940,8,0,747,10,5,21
Quebec03,FNB,2025-11,183,183,174,173,165,38115,4,2,667,12,0,15
Tango03,FNA,2025-04,143,138,137,130,120,52560,8,6,705,3,8,18
November04,FNC,2025-09,129,124,106,106,102,24888,4,2,355,11,9,25
Whiskey04,FNC,2025-08,84,73,59,39,38,12844,6,0,536,3,6,11
Kilo04,FNB,2025-08,148,142,135,118,110,54890,8,1,351,7,7,4
Mike03,FNB,2025-10,76,69,51,45,42,19362,5,2,877,11,5,22
Xray02,FNA,2025-06,88,82,68,55,49,24353,9,3,541,3,3,28
Oscar01,FNB,2025-02,125,122,118,105,94,35720,3,4,484,4,9,5
Uniform02,FNC,2025-02,74,68,61,59,59,19175,7,3,806,0,9,26
Whiskey02,FNB,2025-07,110,105,87,69,66,30822,6,3,705,12,6,25
Foxtrot03,FNB,2025-10,172,172,153,151,149,53789,7,0,817,8,5,14
Oscar01,FNA,2025-09,180,160,146,134,119,40579,5,1,513,0,10,12
Hotel03,FNC,2025-09,154,147,143,139,131,39169,8,4,346,4,9,19
Delta01,FNB,2025-03,157,143,134,132,130,53560,1,6,824,7,10,0
India03,FNA,2025-05,152,135,116,100,100,42700,3,0,490,7,8,19
Papa04,FNC,2025-04,163,152,152,132,120,50520,4,3,674,11,7,16
India02,FNA,2025-03,178,160,140,130,117,48204,0,5,893,10,1,19
Delta03,FNB,2025-05,199,185,183,170,166,68392,10,2,401,4,10,24
Yankee01,FNC,2025-01,149,147,136,133,121,54934,5,3,794,10,3,15
Golf04,FNC,2025-05,133,132,115,108,100,28800,7,2,786,11,9,5
Yankee02,FNC,2025-03,59,40,28,17,17,4505,1,4,501,9,5,17
Delta03,FNB,2025-04,182,168,154,138,134,33902,7,1,684,11,2,19
Sierra01,FNA,2025-04,77,72,52,38,30,11430,3,0,781,14,9,22
Yankee02,FNB,2025-10,100,94,76,61,59,27022,5,5,750,11,7,18
Uniform02,FNA,2025-07,131,116,96,87,81,38799,6,3,770,5,9,16
Mike03,FNA,2025-11,182,180,160,142,131,31702,4,0,696,11,3,22
November01,FNC,2025-06,186,181,179,160,158,67782,0,1,733,11,0,25
Tango02,FNB,2025-08,169,157,138,119,109,25615,9,3,827,6,3,0
Delta01,FNC,2025-12,155,145,130,119,107,34989,7,5,440,8,0,1
Mike03,FNC,2025-05,56,51,39,22,19,3876,10,6,864,7,10,27
Whiskey03,FNB,2025-03,82,82,72,60,58,24302,0,1,396,11,2,12
Foxtrot04,FNB,2025-12,200,191,174,161,160,52320,8,1,518,7,10,2
Uniform02,FNB,2025-01,117,112,112,93,86,28982,6,2,389,4,4,20
Quebec04,FNA,2025-11,108,108,92,85,76,33288,8,0,390,3,1,23
Xray01,FNB,2025-09,164,150,130,110,108,35316,2,5,344,7,4,7
Xray03,FNC,2025-02,192,186,173,170,159,65667,8,6,447,5,7,27
Whiskey01,FNA,2025-06,194,191,179,159,156,59436,7,2,682,14,1,25
Golf02,FNC,2025-11,67,62,49,44,33,14718,1,0,488,13,2,9
Whiskey01,FNB,2025-06,161,158,152,148,140,64680,2,5,848,14,2,13
Alpha01,FNA,2025-07,181,165,152,136,123,25830,8,0,482,10,9,6
Alpha03,FNC,2025-04,164,164,144,125,123,39852,8,0,473,8,10,10
Kilo01,FNA,2025-03,122,121,109,101,97,37636,7,6,648,13,3,14
Delta03,FNB,2025-02,148,136,127,126,117,53937,7,6,581,2,2,26
Uniform03,FNC,2025-10,82,81,73,63,53,23744,4,1,450,4,2,9
Charlie02,FNB,2025-01,114,98,86,82,75,24075,5,4,624,2,10,22
Kilo01,FNC,2025-05,148,128,125,114,104,31824,5,4,566,1,1,5
Xray03,FNC,2025-03,116,115,102,85,80,23840,9,1,563,6,5,8
Hotel03,FNB,2025-07,183,182,162,146,136,44064,9,0,835,11,9,14
Victor04,FNB,2025-09,196,176,157,145,141,38634,5,5,645,13,0,15
Foxtrot03,FNA,2025-08,125,118,117,99,89,44055,7,1,330,7,1,19
Bravo02,FNB,2025-09,166,155,151,134,126,56826,3,3,690,1,1,14
Yankee04,FNC,2025-11,78,71,67,55,47,15040,7,3,726,14,2,26
Romeo01,FNA,2025-01,128,120,118,113,112,37856,1,5,413,7,4,27
Romeo03,FNC,2025-09,67,67,67,51,45,22500,6,5,729,8,6,11
Tango03,FNB,2025-11,138,124,106,87,87,27318,9,6,694,5,10,19
Whiskey02,FNB,2025-12,132,120,117,99,95,29355,7,3,363,5,2,6
Foxtrot04,FNA,2025-09,115,105,88,77,70,19460,10,4,447,4,7,18
Alpha04,FNA,2025-08,103,93,92,88,74,34928,2,2,410,5,5,14
Echo02,FNC,2025-01,172,164,159,159,158,38078,7,1,481,11,0,21
Xray01,FNC,2025-12,183,178,178,169,165,53460,2,3,415,12,2,9
Charlie02,FNA,2025-11,56,39,25,6,0,0,4,6,492,6,5,30
Hotel03,FNA,2025-03,154,154,135,134,121,55539,7,3,464,7,5,5
November03,FNB,2025-10,76,68,64,45,33,12969,7,5,628,12,1,16
Whiskey01,FNC,2025-02,142,138,121,104,89,41919,2,0,774,2,9,9
Foxtrot04,FNB,2025-07,65,59,42,25,20,4080,7,4,312,10,4,6
Yankee04,FNB,2025-08,177,177,162,157,157,73476,1,2,900,11,9,11
Golf03,FNA,2025-06,65,47,40,27,15,3960,6,2,664,5,5,14
Xray02,FNC,2025-07,102,83,76,60,55,24805,9,3,842,13,3,17
Papa03,FNC,2025-10,121,106,106,102,89,28124,5,4,493,6,8,27
Quebec01,FNA,2025-09,80,71,58,43,34,15912,1,1,880,12,1,29
Alpha01,FNC,2025-02,120,111,108,92,90,43650,2,4,394,6,3,24
Victor02,FNC,2025-10,129,118,110,91,84,27048,0,1,347,6,4,9
Oscar03,FNB,2025-01,57,45,40,25,12,4572,6,3,683,1,0,14
India04,FNC,2025-10,180,171,169,158,148,71928,5,3,861,8,0,30
Foxtrot01,FNA,2025-09,53,51,44,40,25,11250,7,5,380,0,2,17
Charlie03,FNC,2025-06,90,81,65,64,61,26230,9,5,555,3,7,14
Alpha01,FNB,2025-06,164,152,140,137,126,26208,9,0,516,12,5,23
Tango01,FNB,2025-08,131,117,109,89,81,17901,7,6,807,11,0,2
Hotel03,FNB,2025-05,109,103,100,86,71,33938,4,0,533,5,9,29
Lima03,FNC,2025-02,76,62,61,44,39,15249,8,0,560,13,5,12
Tango02,FNC,2025-10,94,92,90,82,76,24928,4,2,412,15,2,29
Romeo01,FNB,2025-04,171,160,146,129,124,39928,0,1,615,3,3,2
Hotel04,FNB,2025-07,111,103,100,80,68,23664,9,2,494,6,8,18
Kilo02,FNB,2025-02,168,166,165,155,150,61500,8,1,874,13,2,11
Uniform01,FNB,2025-05,192,189,184,167,165,43065,8,0,487,9,1,5
Oscar04,FNA,2025-01,95,91,76,71,62,28024,2,1,694,12,10,0
Quebec01,FNC,2025-01,176,167,153,142,128,44544,1,5,325,9,7,6
Juliet02,FNA,2025-10,131,118,104,88,74,24642,3,4,849,1,1,30
Tango01,FNC,2025-12,111,96,79,68,66,19932,2,2,789,11,9,27
India01,FNA,2025-09,160,146,134,117,111,44733,6,3,539,5,7,22
Hotel02,FNA,2025-01,101,95,75,56,41,18122,5,5,827,8,7,27
Lima04,FNA,2025-08,191,173,164,158,151,57531,3,4,640,0,3,24
Quebec01,FNA,2025-08,68,65,65,53,41,12956,9,1,841,6,6,7
Bravo02,FNA,2025-01,60,50,40,38,30,6330,5,2,321,11,10,10
Golf01,FNA,2025-10,112,101,81,76,69,17457,5,3,807,15,9,12
Alpha03,FNA,2025-03,135,118,98,89,85,17765,3,3,596,3,1,18
Oscar04,FNC,2025-02,66,51,37,36,24,7632,10,4,686,7,2,19
Alpha02,FNA,2025-08,130,118,114,98,85,29325,0,4,364,10,3,19
Echo01,FNB,2025-04,87,70,56,52,49,18130,8,3,432,15,6,3
Papa01,FNA,2025-01,59,43,38,33,23,11270,0,6,432,5,0,7
Sierra04,FNB,2025-03,74,55,53,33,32,9984,2,6,506,12,3,2
Kilo03,FNA,2025-02,126,109,92,79,69,23391,6,6,853,10,0,4
Quebec04,FNA,2025-02,115,100,86,71,63,27972,1,6,477,1,6,16
Juliet01,FNB,2025-10,65,53,42,25,11,3245,0,4,568,4,5,2
Delta03,FNA,2025-11,143,129,121,115,102,26928,4,6,411,9,3,24
Echo04,FNB,2025-08,124,108,102,92,84,26040,1,6,544,7,3,21
Papa04,FNB,2025-02,120,107,105,86,73,33872,10,5,576,3,8,21
Quebec01,FNA,2025-06,106,93,89,77,75,27825,9,4,367,2,4,14
Sierra04,FNA,2025-09,88,80,72,58,48,9792,2,3,864,13,4,15
Whiskey04,FNA,2025-03,164,159,152,151,151,57833,1,4,481,13,1,1
Golf03,FNB,2025-10,60,40,27,15,14,4970,3,6,492,2,0,19
Papa01,FNB,2025-11,155,148,132,116,107,38520,2,4,490,7,8,18
Charlie04,FNB,2025-09,180,180,165,146,145,34220,4,1,390,5,6,5
Yankee03,FNA,2025-05,76,61,61,54,40,15400,1,2,369,6,8,26
Sierra02,FNC,2025-04,157,155,150,137,125,29375,0,5,441,4,3,30
Whiskey03,FNC,2025-09,126,109,105,87,77,20020,8,0,403,2,4,16
Hotel03,FNC,2025-04,187,183,168,159,154,65142,0,3,517,3,10,11
India04,FNB,2025-06,197,187,181,173,159,46746,5,0,353,0,1,2
Echo01,FNA,2025-11,168,155,135,116,116,35032,4,4,593,9,4,9
Hotel02,FNC,2025-09,184,183,177,175,160,73120,6,1,681,10,10,10
Foxtrot02,FNA,2025-11,174,168,153,146,144,61200,6,1,840,1,0,8
Golf03,FNA,2025-01,56,42,39,32,20,6480,5,1,556,4,8,7
India03,FNA,2025-10,150,135,132,116,115,50025,0,2,586,3,8,15
Yankee04,FNC,2025-10,122,104,100,84,78,19812,9,4,304,11,4,23
Uniform01,FNA,2025-10,97,92,83,76,63,14427,7,0,451,5,2,13
Foxtrot02,FNC,2025-10,100,88,68,62,47,14476,8,1,879,2,6,26
Papa03,FNA,2025-12,139,131,119,114,102,37026,3,1,474,10,8,10
Yankee04,FNC,2025-05,107,103,94,79,70,30380,0,6,318,6,1,21
Quebec02,FNA,2025-08,174,168,157,142,136,36992,5,0,546,8,2,29
Juliet02,FNA,2025-09,106,93,84,77,65,29965,9,4,860,0,9,29
Tango01,FNC,2025-11,175,164,153,143,139,59214,4,3,650,2,0,8
Alpha02,FNB,2025-12,162,161,142,125,123,57195,6,3,591,5,3,22
Romeo04,FNC,2025-10,101,99,97,92,92,38088,0,5,718,6,10,3
Tango01,FNA,2025-01,137,132,116,103,100,40700,8,4,610,5,1,2
Victor04,FNC,2025-04,126,120,108,89,84,34104,1,4,397,12,3,30
Delta01,FNC,2025-07,168,161,151,147,135,48735,8,3,615,9,4,15
Charlie01,FNC,2025-06,141,131,119,109,103,24514,0,4,762,13,9,2
Victor02,FNB,2025-07,152,143,123,112,104,43264,1,2,834,10,3,0
Alpha02,FNB,2025-02,179,167,150,139,139,28217,7,1,715,10,4,0
Sierra03,FNC,2025-01,114,94,85,81,72,22320,7,3,366,1,5,6
Tango02,FNC,2025-01,50,36,22,5,0,0,3,4,548,9,0,21
Bravo03,FNC,2025-12,100,98,96,82,71,30672,1,6,660,11,1,25
November01,FNC,2025-03,149,129,124,107,97,48403,8,3,567,6,5,30
Uniform01,FNC,2025-10,200,188,174,158,157,68452,10,5,323,3,1,13
Bravo02,FNC,2025-01,169,169,151,145,139,44480,2,1,334,8,6,11
Sierra01,FNB,2025-01,197,193,188,170,167,75818,5,3,414,3,9,5
Xray03,FNC,2025-06,171,171,167,167,152,67792,10,4,666,5,9,4
Romeo01,FNC,2025-04,94,83,63,47,45,16155,10,6,642,7,10,16
Oscar03,FNC,2025-10,116,103,88,87,72,35928,5,4,306,3,6,0
Victor04,FNC,2025-09,200,184,168,153,148,33152,6,1,533,4,5,12
Echo01,FNC,2025-10,90,86,74,73,66,20394,5,4,465,4,10,13
Quebec04,FNC,2025-12,173,159,140,120,119,36533,7,5,752,6,9,22
Alpha01,FNA,2025-03,67,58,50,50,50,20200,4,4,528,15,6,23
Foxtrot01,FNB,2025-11,97,83,82,79,72,20448,8,6,535,11,4,12
Mike04,FNC,2025-01,111,96,78,58,48,19632,1,3,660,9,2,29
Kilo04,FNB,2025-08,182,165,159,141,140,67060,4,0,878,10,8,16
Tango03,FNA,2025-04,114,112,99,92,86,24682,8,1,367,0,0,19
Golf04,FNA,2025-04,116,114,106,97,88,41008,6,1,776,11,1,8
Mike03,FNA,2025-04,103,83,74,69,57,22173,9,2,715,10,9,16
Tango03,FNA,2025-12,181,168,153,134,119,50694,9,2,451,15,0,15
Quebec03,FNB,2025-10,62,57,51,46,35,13160,6,4,455,11,1,13
November04,FNC,2025-02,173,164,157,140,136,62968,0,5,784,10,5,7
Alpha01,FNC,2025-05,149,138,125,121,117,51714,7,6,598,7,4,8
Oscar02,FNC,2025-11,51,37,24,14,2,886,1,5,625,13,6,23
Alpha01,FNC,2025-03,51,32,20,16,8,3768,0,2,767,2,6,0
Juliet01,FNC,2025-09,161,146,127,116,107,21935,4,3,646,14,10,8
India01,FNA,2025-10,67,59,43,29,16,5744,10,2,681,3,4,17
Whiskey02,FNA,2025-02,127,118,113,111,110,24420,4,0,478,7,5,21
Whiskey03,FNA,2025-06,153,142,141,123,122,44408,6,2,386,4,4,2
Lima04,FNC,2025-07,94,79,71,55,46,22954,10,3,331,2,2,20
Victor01,FNA,2025-07,61,50,47,46,39,11349,1,3,343,5,6,26
Quebec04,FNA,2025-05,135,126,121,113,111,47730,4,2,796,2,10,29
Kilo03,FNC,2025-05,186,185,172,156,143,66924,5,2,686,13,7,25
Golf02,FNA,2025-10,92,80,67,52,47,22936,2,1,663,4,6,25
Yankee03,FNB,2025-08,165,163,143,123,110,49940,0,6,360,12,6,2
Charlie03,FNA,2025-07,72,68,68,55,52,25428,9,6,834,9,3,10
Oscar04,FNC,2025-01,188,182,178,169,162,64476,6,3,780,2,8,2
Papa01,FNB,2025-03,193,183,183,172,158,71100,5,6,798,11,6,0
Lima02,FNA,2025-06,78,59,53,46,41,11152,2,2,870,1,9,22
Tango02,FNA,2025-09,133,115,104,98,88,33792,8,1,669,12,4,7
Delta02,FNA,2025-06,55,37,20,16,13,4433,8,1,544,13,4,15
Charlie04,FNC,2025-03,99,83,77,74,70,31360,5,6,373,7,4,0
Juliet03,FNA,2025-01,141,136,118,107,102,35700,8,2,391,6,2,28
Hotel01,FNA,2025-06,109,94,88,86,83,23821,3,4,737,4,9,0
Hotel03,FNC,2025-09,129,128,122,121,116,34684,2,3,597,8,6,0
Lima02,FNA,2025-04,177,165,159,146,142,60492,5,5,444,8,1,10
Charlie02,FNB,2025-09,149,138,126,110,98,32732,2,1,842,2,9,26
Xray03,FNA,2025-03,111,100,85,68,62,25606,5,2,393,0,9,1
Oscar03,FNB,2025-04,133,130,129,122,112,31808,4,1,817,12,1,14
India02,FNA,2025-12,127,118,103,97,91,23205,6,4,619,4,6,22
Uniform03,FNC,2025-01,76,63,63,53,39,8346,3,4,329,3,4,13
Yankee02,FNA,2025-08,199,192,188,183,182,48412,1,2,660,11,3,13
Romeo01,FNC,2025-12,88,78,62,42,32,11680,8,3,753,4,2,11
Romeo03,FNC,2025-06,54,47,27,26,25,7575,7,1,712,3,9,20
Papa01,FNC,2025-12,178,174,169,152,148,42180,4,2,546,15,0,4
Echo02,FNA,2025-07,175,163,160,157,153,30906,10,4,851,15,4,25
Yankee01,FNA,2025-01,111,97,77,70,63,27468,3,5,330,5,8,22
Whiskey04,FNA,2025-08,68,66,54,37,29,12499,0,3,801,6,9,1
Tango03,FNB,2025-05,76,57,48,29,19,7752,10,5,748,6,7,1
India01,FNA,2025-05,146,140,126,116,111,47841,7,6,517,9,6,8
Juliet02,FNB,2025-10,157,155,144,127,119,56406,6,3,469,12,2,28
Golf02,FNA,2025-04,52,45,41,24,21,10500,7,5,716,2,9,18
Juliet03,FNB,2025-10,107,95,81,66,64,27840,9,5,637,15,8,19
India01,FNA,2025-08,103,87,71,67,61,29524,9,5,599,11,4,17
Echo04,FNA,2025-07,191,177,162,158,155,37820,4,0,782,8,7,8
Whiskey02,FNC,2025-02,67,60,56,53,49,16611,7,4,365,12,2,24
Papa02,FNC,2025-04,112,109,95,83,69,15042,10,5,868,12,5,20
Kilo02,FNA,2025-10,55,50,39,38,28,6440,9,3,494,6,4,27
Sierra01,FNC,2025-12,172,153,149,142,141,36519,6,1,769,11,2,7
Whiskey02,FNA,2025-10,110,90,70,50,37,17427,7,2,754,15,2,9
Mike03,FNB,2025-03,79,79,67,65,51,24786,10,6,665,7,0,24
Yankee02,FNA,2025-02,104,102,100,89,76,29944,6,5,397,15,1,29
Foxtrot04,FNA,2025-02,96,78,69,57,48,17040,5,6,321,2,5,22
Romeo03,FNC,2025-05,131,118,100,82,81,28431,7,3,528,13,0,21
Echo03,FNA,2025-06,61,60,47,38,29,11687,8,3,306,6,8,14
Sierra03,FNA,2025-05,67,56,52,52,49,17199,1,4,353,1,9,4
Juliet03,FNB,2025-05,141,133,128,121,110,37730,8,0,453,13,2,6
Charlie01,FNA,2025-09,159,158,138,135,125,53375,10,6,591,2,9,11
Yankee01,FNB,2025-03,147,140,122,111,103,26883,0,5,871,14,0,26
Echo04,FNB,2025-09,51,32,20,13,10,3820,7,3,807,0,9,25
Xray01,FNB,2025-01,55,48,47,43,30,14220,6,0,435,2,7,7
Whiskey01,FNB,2025-04,69,64,54,35,30,6300,9,0,353,8,7,24
Xray02,FNC,2025-07,84,79,59,46,32,12288,5,5,601,0,3,18
Mike03,FNB,2025-10,69,63,47,33,18,8154,0,1,431,11,9,25
November04,FNA,2025-05,194,178,172,156,153,36414,10,6,477,7,3,25
Yankee01,FNC,2025-04,193,176,157,140,128,44800,9,3,428,13,6,19
Victor02,FNB,2025-08,184,178,175,155,149,35909,6,5,734,12,8,29
Yankee03,FNA,2025-07,187,183,176,157,142,64184,6,2,387,4,4,4
India01,FNC,2025-07,110,106,103,91,82,39196,0,5,461,15,9,27
Charlie04,FNC,2025-08,185,173,158,145,131,41003,3,5,403,2,1,21
Romeo04,FNA,2025-06,175,157,143,124,121,28798,7,0,732,15,3,17
Oscar04,FNB,2025-02,123,115,106,87,84,35700,1,0,788,1,10,29
Echo03,FNB,2025-01,164,164,164,161,153,39321,0,2,323,7,4,24
Charlie02,FNB,2025-04,77,68,60,50,47,14053,2,4,784,8,1,14
Whiskey03,FNA,2025-11,164,159,153,140,125,27750,3,2,684,15,6,28
Tango04,FNC,2025-04,68,61,54,49,45,22185,9,4,453,5,7,10
Yankee01,FNC,2025-05,198,193,188,175,163,75795,2,6,866,15,10,17
Foxtrot02,FNA,2025-09,171,154,146,136,125,44375,5,3,704,14,9,15
Sierra01,FNC,2025-01,121,117,106,106,94,27448,2,0,498,1,2,3
Kilo04,FNA,2025-08,52,47,35,30,17,6783,8,5,831,1,4,23
Tango04,FNB,2025-11,127,108,91,80,77,16786,5,1,799,7,8,19
India01,FNA,2025-12,127,108,94,84,83,29216,9,0,710,5,3,22
Bravo02,FNA,2025-07,136,119,107,97,85,41140,1,4,823,11,6,7
Bravo01,FNC,2025-02,166,159,159,141,126,49014,1,6,649,9,4,16
Mike01,FNB,2025-01,158,144,138,133,130,30940,9,6,456,9,5,1
Uniform03,FNB,2025-08,176,171,157,157,153,62577,4,6,654,8,5,8
Alpha03,FNB,2025-09,174,156,142,129,114,49020,10,6,748,6,7,15
Romeo01,FNC,2025-08,131,116,115,98,85,27625,5,4,637,11,8,13
Uniform03,FNB,2025-02,171,156,146,141,126,46242,1,5,837,5,9,8
Xray03,FNA,2025-02,107,103,87,75,62,29822,7,0,599,9,1,24
Oscar01,FNC,2025-06,142,125,110,92,82,30832,4,3,359,3,4,24
Kilo01,FNC,2025-11,173,159,140,131,122,57462,4,2,664,12,8,13
November01,FNC,2025-09,89,82,76,67,63,26334,1,5,599,7,6,27
Hotel04,FNB,2025-06,159,152,146,146,138,31188,6,1,364,15,10,15
Delta04,FNA,2025-12,105,86,68,56,55,25740,2,4,377,7,1,16
Echo01,FNA,2025-11,169,153,147,136,129,33540,8,1,326,6,1,12
Whiskey01,FNA,2025-08,132,124,117,110,97,35502,6,5,457,1,6,0
November04,FNA,2025-12,53,37,20,3,0,0,8,1,415,4,0,21
Kilo01,FNC,2025-03,186,167,158,146,134,47704,0,1,789,3,0,10
India01,FNA,2025-06,185,182,168,160,147,39102,1,5,676,9,2,16
Mike02,FNA,2025-09,138,134,114,102,93,30969,6,6,436,8,3,17
Uniform02,FNB,2025-07,139,127,118,113,105,23205,0,2,468,6,4,12
Whiskey03,FNA,2025-01,193,179,168,164,152,63992,1,6,472,8,4,12
November04,FNB,2025-03,147,144,126,126,111,41181,5,4,441,2,10,1
Romeo01,FNB,2025-03,86,82,78,63,56,11480,5,0,386,4,2,27
Foxtrot03,FNC,2025-02,118,105,85,77,65,29900,7,2,533,11,8,24
Papa01,FNC,2025-11,158,151,136,119,111,51504,2,2,371,7,5,0
November02,FNB,2025-09,185,166,157,154,143,40183,6,1,394,10,7,5
Tango01,FNA,2025-02,176,172,163,157,143,41756,9,6,818,3,2,8
November03,FNA,2025-06,194,194,179,179,177,63720,0,6,786,3,10,1
Uniform01,FNC,2025-06,143,132,124,110,96,21696,7,5,434,9,0,2
Yankee04,FNA,2025-09,126,122,121,111,100,30000,1,2,371,7,5,6
Mike04,FNB,2025-08,108,102,89,89,77,32648,7,6,661,5,0,11
Mike02,FNA,2025-11,52,52,41,27,27,5805,5,5,341,13,3,3
Victor02,FNC,2025-08,193,193,174,157,154,43274,10,6,319,4,8,19
Oscar03,FNA,2025-01,166,149,149,134,127,34925,0,5,683,4,2,12
Charlie04,FNA,2025-09,101,90,85,70,58,21228,10,4,378,6,7,13
Bravo03,FNC,2025-08,113,95,87,86,80,37120,2,4,870,8,3,22
Romeo01,FNA,2025-01,183,169,169,164,163,35860,8,1,459,11,9,29
Hotel02,FNA,2025-06,86,83,75,57,54,25110,1,6,871,1,1,28
Whiskey01,FNC,2025-05,150,133,121,119,107,31779,2,2,396,15,6,23
Quebec02,FNB,2025-05,183,176,176,158,153,71604,5,0,583,9,4,26
Tango03,FNA,2025-08,197,178,162,152,149,64070,5,0,482,7,0,13
Kilo03,FNB,2025-08,65,48,47,34,30,6150,9,4,780,4,4,1
India04,FNB,2025-10,109,101,95,75,65,14365,6,4,467,9,9,17
Hotel03,FNA,2025-05,122,114,110,90,79,19513,0,1,592,13,7,26
Tango01,FNA,2025-07,180,175,159,141,131,35763,8,2,493,6,4,2
Alpha03,FNC,2025-07,86,78,58,49,47,9964,2,5,572,14,1,28
Yankee04,FNC,2025-08,73,55,45,34,22,5038,10,6,606,0,1,17
Quebec03,FNA,2025-07,64,58,46,34,23,10580,7,4,894,9,1,17
Uniform02,FNC,2025-11,198,185,179,176,164,54612,6,1,680,0,10,23
Oscar04,FNB,2025-08,140,125,121,117,111,32079,4,1,372,9,0,19
Quebec01,FNA,2025-10,109,105,96,87,77,36267,2,1,390,9,1,14
Whiskey04,FNA,2025-03,167,161,159,155,143,49907,3,5,694,3,2,21
Alpha03,FNC,2025-01,85,83,73,73,60,21900,5,5,783,1,2,26
Kilo01,FNC,2025-03,124,105,100,81,76,33136,4,2,647,9,0,19
Whiskey02,FNA,2025-04,95,76,56,41,27,10503,4,6,882,7,0,13
Tango01,FNA,2025-05,190,188,172,164,160,67520,2,4,464,14,0,17
Tango02,FNC,2025-07,174,169,152,138,129,28251,7,3,883,11,10,15
Delta02,FNC,2025-04,52,32,28,16,11,4081,0,4,366,8,0,16
Uniform03,FNC,2025-06,162,145,135,130,128,53248,6,5,744,5,5,8
Alpha04,FNB,2025-03,117,108,102,90,90,35640,0,6,620,5,0,29
Xray03,FNC,2025-09,175,168,156,144,138,56580,9,1,670,14,6,9
November01,FNA,2025-07,133,132,117,107,107,42265,2,3,691,0,3,9
Oscar04,FNB,2025-06,198,178,160,152,149,59749,5,0,363,5,5,7
Sierra02,FNC,2025-05,135,124,106,106,96,47808,8,1,453,11,3,23
Foxtrot03,FNC,2025-06,72,64,55,41,40,8360,2,3,758,9,6,8
Whiskey02,FNB,2025-03,174,158,145,138,133,61313,1,1,325,2,9,14
Mike02,FNC,2025-01,126,125,115,107,101,36663,8,3,553,4,4,24
Juliet04,FNB,2025-02,57,44,37,19,8,3400,5,5,483,9,7,14
Juliet04,FNB,2025-07,141,122,105,94,91,31122,6,4,384,13,10,4
Sierra03,FNA,2025-07,104,87,78,75,70,24850,4,6,445,12,4,10
Mike03,FNC,2025-12,124,105,93,76,69,15180,6,5,618,2,7,6
Bravo04,FNB,2025-04,188,178,175,163,149,48723,9,2,377,15,6,23
Sierra03,FNA,2025-10,73,56,38,29,20,4720,3,3,829,11,8,12
Alpha02,FNC,2025-06,182,173,157,145,144,42624,10,2,827,13,6,3
Victor01,FNB,2025-11,193,174,171,156,145,31900,4,6,362,8,3,14
Echo03,FNB,2025-08,135,116,114,99,98,48216,10,1,636,12,0,9
Kilo04,FNA,2025-08,101,97,83,69,68,26588,1,0,632,11,4,16
Whiskey02,FNC,2025-08,121,115,106,86,74,31006,1,2,792,15,9,0
Mike03,FNB,2025-09,115,108,92,77,68,23392,5,1,596,3,5,20
Quebec02,FNA,2025-04,95,78,76,66,56,25704,6,0,324,7,6,4
Papa01,FNB,2025-10,182,174,169,157,152,38000,9,2,530,3,0,10
Quebec01,FNA,2025-12,116,110,103,92,78,36036,1,1,606,0,6,7
Charlie01,FNA,2025-12,88,73,70,66,58,22562,9,2,413,9,10,12
Juliet02,FNA,2025-10,120,114,94,85,75,20925,1,4,443,14,2,25
Papa01,FNB,2025-06,88,86,72,53,52,24024,8,4,791,2,5,17
Whiskey01,FNA,2025-02,153,143,126,106,102,42126,7,4,862,8,10,10
Romeo02,FNB,2025-04,121,103,103,95,95,22705,2,0,687,4,8,25
Tango04,FNC,2025-08,158,154,143,140,133,65569,7,2,854,5,3,25
Delta01,FNC,2025-11,115,95,76,75,63,13734,1,2,388,0,4,3
Oscar04,FNA,2025-09,87,74,63,50,46,19918,6,4,787,14,4,6
Romeo03,FNA,2025-02,134,129,111,94,92,37720,4,4,322,1,2,14
Hotel04,FNB,2025-07,146,146,131,130,129,43602,8,3,393,5,8,18
Oscar01,FNA,2025-07,102,83,79,74,62,13454,0,3,674,6,5,27
Papa02,FNB,2025-06,150,142,130,119,111,38739,4,1,449,13,6,30
Quebec01,FNA,2025-05,157,155,155,152,137,58910,0,4,869,5,5,12
India03,FNC,2025-10,70,64,44,26,16,6688,9,4,714,2,6,3
Uniform03,FNA,2025-07,77,67,55,51,49,13573,6,2,756,3,7,10
Lima02,FNC,2025-10,118,108,88,84,72,16488,5,2,481,6,0,6
Quebec02,FNB,2025-08,61,48,47,37,28,7784,6,2,461,2,3,29
Yankee04,FNA,2025-12,69,58,58,47,40,11080,2,5,542,15,1,13
Oscar04,FNC,2025-08,174,155,137,118,109,24307,6,0,530,14,9,26
Bravo03,FNB,2025-07,58,38,19,7,0,0,6,3,371,8,10,25
Uniform03,FNB,2025-06,71,70,68,58,47,16544,2,2,851,12,4,19
Delta01,FNA,2025-05,77,58,53,47,36,13824,3,4,833,11,2,5
Alpha01,FNC,2025-03,150,139,134,134,130,26910,3,5,770,9,5,30
Oscar04,FNA,2025-04,187,186,184,179,172,78604,4,6,473,9,1,7
Alpha03,FNC,2025-04,61,61,41,35,22,6094,2,5,379,1,5,20
Yankee03,FNB,2025-06,64,64,54,35,32,15008,5,5,635,9,4,23
November03,FNA,2025-12,157,154,145,125,112,39536,4,1,813,7,6,11
Victor03,FNB,2025-01,67,63,45,37,34,16592,5,0,360,5,1,11
Delta04,FNC,2025-08,177,160,140,132,129,44763,8,6,583,5,5,16
Romeo01,FNA,2025-10,97,81,66,56,41,18532,3,1,625,10,6,28
Tango01,FNC,2025-12,93,73,73,53,45,21825,7,5,853,1,8,9
Romeo01,FNA,2025-12,182,176,163,149,144,49968,2,6,772,0,0,11
Whiskey04,FNB,2025-02,138,136,130,121,120,45960,2,3,777,15,10,10
Kilo04,FNC,2025-03,98,78,69,53,41,18860,7,6,887,14,1,22
Golf02,FNA,2025-07,143,141,125,124,121,60379,5,6,587,12,10,29
Oscar04,FNB,2025-01,70,60,43,34,24,4848,0,4,650,5,9,0
Whiskey01,FNC,2025-05,140,121,120,105,91,37310,7,1,743,9,1,26
Oscar03,FNB,2025-01,147,130,111,109,104,36920,0,3,615,0,8,22
Juliet03,FNA,2025-11,133,114,97,88,84,21588,3,1,824,4,4,20
Papa03,FNB,2025-01,108,101,100,82,76,36784,9,6,305,5,9,30
Yankee02,FNC,2025-07,66,48,32,16,6,1500,2,4,336,10,3,7
November02,FNA,2025-03,177,170,158,158,152,61864,10,4,563,1,10,7
Xray02,FNC,2025-11,127,108,104,99,99,23364,2,5,389,1,2,1
Papa01,FNA,2025-04,142,133,125,111,109,40439,5,3,448,12,0,1
Golf01,FNB,2025-04,104,86,70,65,57,16530,5,0,672,7,9,29
Juliet02,FNA,2025-01,94,85,82,76,73,34894,1,5,454,13,1,16
Alpha03,FNA,2025-06,155,149,137,117,109,46543,5,2,537,10,6,13
Papa02,FNA,2025-09,67,60,50,39,34,9078,2,3,830,4,10,0
Papa02,FNC,2025-10,108,108,107,103,88,36080,0,4,650,6,2,22
Delta01,FNC,2025-11,136,126,113,95,83,27307,9,2,664,2,0,19
Alpha02,FNC,2025-03,186,185,181,171,158,67308,2,6,308,10,3,0
November02,FNB,2025-07,71,67,54,51,41,13940,5,3,410,5,2,8
Lima01,FNA,2025-10,93,82,65,60,54,25056,10,2,892,14,1,28
Bravo03,FNC,2025-12,122,110,93,80,67,22512,3,5,615,0,9,19
Juliet04,FNC,2025-11,95,77,72,54,53,14363,4,6,753,15,8,19
Juliet01,FNB,2025-10,64,63,44,25,24,5640,6,0,637,8,4,15
November03,FNA,2025-08,159,147,128,121,111,36186,1,6,575,3,5,3
Xray03,FNB,2025-08,116,99,99,92,86,24596,6,5,692,11,2,26
Kilo04,FNA,2025-06,199,184,180,171,170,83300,10,2,889,13,5,5
Whiskey04,FNB,2025-02,170,170,150,138,135,30375,3,2,366,11,0,13
Echo02,FNC,2025-09,174,167,165,154,153,40239,7,4,327,10,10,27
Bravo03,FNB,2025-08,108,89,71,59,48,22560,1,2,402,14,3,20
Papa04,FNC,2025-07,85,85,77,65,57,25878,6,4,458,5,7,0
Kilo01,FNC,2025-01,146,133,124,121,119,38437,6,0,327,0,6,23
Quebec02,FNC,2025-02,64,59,57,49,37,8917,9,3,634,4,9,26
Mike04,FNB,2025-04,139,139,128,111,103,50470,5,2,846,5,9,2
Bravo02,FNB,2025-10,193,177,164,148,136,27744,3,4,634,2,6,25
Charlie03,FNB,2025-01,80,61,58,41,41,18204,9,6,309,14,4,3
Victor04,FNC,2025-06,114,97,78,64,63,18522,3,6,655,10,10,13
India03,FNC,2025-11,109,92,88,85,74,21016,1,6,688,12,1,1
Echo02,FNC,2025-05,118,116,112,95,83,35275,6,4,697,2,10,10
Papa02,FNA,2025-09,75,62,42,37,23,9821,2,6,542,0,5,21
Golf03,FNC,2025-03,67,64,54,52,43,15480,1,5,511,3,8,25
Lima01,FNB,2025-03,114,103,88,77,71,29962,4,6,700,7,4,21
Golf04,FNC,2025-06,114,103,91,90,86,38872,1,6,402,13,7,0
Charlie01,FNC,2025-05,157,139,130,110,97,45784,9,0,819,8,3,10
Mike04,FNC,2025-10,145,128,111,100,99,21879,10,5,618,10,4,21
Yankee01,FNC,2025-03,130,122,113,107,104,39312,4,1,524,2,9,28
November03,FNC,2025-12,67,67,59,54,46,18216,3,4,436,13,5,1
Quebec01,FNC,2025-08,121,111,95,79,67,31088,9,4,701,6,2,10
Tango04,FNA,2025-07,95,84,65,63,61,12322,1,0,874,12,3,28
Victor03,FNC,2025-11,123,121,108,89,84,31500,3,1,458,8,3,2
November04,FNB,2025-11,122,113,105,98,85,36805,2,2,486,4,1,3
Quebec03,FNC,2025-01,180,177,158,152,147,51009,4,6,703,13,7,8
Bravo03,FNA,2025-01,101,86,82,75,73,19418,5,0,572,9,4,22
Xray04,FNA,2025-10,107,95,83,83,79,16195,5,0,732,0,2,4
Victor03,FNA,2025-11,182,174,164,150,147,59241,5,1,752,5,9,12
Xray01,FNB,2025-01,71,68,65,56,51,11016,2,3,428,1,4,2
Romeo03,FNC,2025-06,81,67,57,47,33,6732,2,1,650,1,10,6
Echo04,FNC,2025-03,120,114,101,84,74,15096,1,1,603,10,4,14
Uniform01,FNC,2025-01,185,183,175,156,149,57216,7,6,825,10,5,1
Golf03,FNA,2025-08,51,44,42,25,22,5588,1,2,475,15,7,14
Yankee01,FNB,2025-04,200,191,190,173,158,78368,2,0,507,0,8,26
Romeo01,FNC,2025-12,200,184,169,149,143,34606,1,1,654,13,5,8
Tango03,FNB,2025-01,192,191,178,166,156,52884,8,6,385,14,7,26
November03,FNC,2025-06,107,100,84,70,61,15128,2,1,887,4,0,16
Tango03,FNC,2025-10,67,64,44,37,33,8481,10,1,756,7,5,17
November02,FNA,2025-09,199,197,197,183,178,47348,0,3,866,2,6,17
Mike01,FNA,2025-01,59,42,24,9,4,1604,0,5,511,1,3,27
November04,FNA,2025-12,112,103,93,81,68,23732,8,3,860,2,7,2
Sierra02,FNC,2025-03,144,144,139,139,139,33221,4,1,809,14,2,22
Hotel01,FNB,2025-04,77,68,52,49,48,17664,8,5,884,9,6,0
Echo03,FNC,2025-10,156,146,133,129,127,51816,8,4,430,5,9,15
Tango03,FNC,2025-08,126,111,102,94,80,38720,2,3,367,3,3,19
Juliet02,FNC,2025-06,103,85,77,58,43,14921,2,2,409,10,9,3
Tango04,FNB,2025-12,190,188,169,151,150,36150,3,2,372,9,6,0
Romeo03,FNB,2025-11,120,108,107,104,102,27846,7,1,800,4,8,30
Papa02,FNC,2025-04,185,172,162,159,153,67473,3,5,836,13,2,9
Xray01,FNC,2025-04,128,113,109,92,78,21840,0,5,523,13,9,10
Xray01,FNA,2025-07,52,48,42,23,16,4512,10,3,740,6,2,14
Xray01,FNB,2025-10,101,98,96,79,77,28567,2,4,488,0,4,10
Uniform03,FNB,2025-05,189,176,161,145,138,44160,9,0,531,10,9,13
Whiskey03,FNB,2025-03,129,121,120,114,108,44928,1,1,785,10,7,16
November01,FNB,2025-03,173,165,163,151,150,54750,1,4,435,2,1,12
Kilo03,FNC,2025-01,123,108,101,94,90,24660,6,3,515,13,5,4
Sierra01,FNA,2025-09,122,122,104,87,79,22910,9,0,572,10,6,26
Tango01,FNC,2025-06,51,50,47,33,25,9300,6,3,862,4,1,27
Romeo01,FNA,2025-03,156,144,128,109,104,40872,6,5,767,5,8,13
Whiskey03,FNC,2025-08,87,68,57,37,29,9744,1,6,525,8,10,14
Hotel04,FNB,2025-03,174,158,139,133,126,43722,3,0,818,3,5,4
Papa01,FNB,2025-08,136,116,113,100,97,29294,1,5,859,5,3,19
Hotel01,FNC,2025-09,87,84,64,47,33,12639,3,0,532,3,7,20
Hotel02,FNB,2025-05,188,175,170,157,149,50511,0,1,337,6,9,2
Sierra04,FNC,2025-02,77,60,51,35,30,7350,1,4,703,13,8,23
Mike02,FNA,2025-02,194,180,173,165,150,41850,3,5,574,15,9,19
Yankee02,FNC,2025-03,59,58,58,42,39,11661,1,6,565,3,6,0
Quebec04,FNC,2025-09,147,128,114,102,88,25520,4,2,802,5,8,30
Uniform04,FNA,2025-02,156,139,123,104,95,27265,7,1,731,3,2,25
Charlie03,FNA,2025-01,120,107,100,85,71,25063,1,0,594,3,10,23
Golf02,FNA,2025-07,159,140,138,124,120,26640,7,5,467,13,0,23
November04,FNA,2025-02,153,152,132,117,102,50796,6,4,422,15,1,30
Victor04,FNC,2025-11,127,107,103,93,84,40908,9,6,361,15,10,4
Alpha02,FNA,2025-04,174,164,163,160,151,68705,1,6,748,1,1,11
Delta01,FNC,2025-12,106,103,90,79,67,13467,6,4,632,6,2,24
Romeo04,FNB,2025-06,78,67,50,35,21,9156,8,0,692,7,7,7
Hotel03,FNB,2025-10,186,170,150,141,141,43005,0,5,419,9,9,15
Foxtrot01,FNB,2025-10,101,88,78,77,75,23400,1,5,613,8,7,14
Foxtrot03,FNC,2025-04,161,155,151,143,134,37520,1,3,533,14,6,15
Sierra02,FNA,2025-09,63,48,33,30,19,8816,8,6,578,0,1,13
Mike04,FNC,2025-02,51,49,39,31,26,11544,1,2,489,6,4,16
Uniform04,FNA,2025-08,182,178,168,165,164,63304,0,5,343,8,5,18
Romeo03,FNB,2025-11,115,99,80,76,75,28275,10,3,844,8,3,0
Uniform02,FNC,2025-10,83,63,47,39,24,7176,3,6,307,1,0,12
Xray01,FNA,2025-05,166,155,155,152,148,66600,3,6,772,9,7,21
Alpha03,FNB,2025-08,186,181,177,171,164,65928,1,3,612,2,9,20
Charlie02,FNC,2025-12,148,141,137,120,119,48552,2,0,620,12,4,25
Bravo03,FNA,2025-01,123,109,89,79,75,37200,5,6,752,3,4,19
Papa04,FNB,2025-02,113,111,97,94,82,41000,2,5,573,3,7,20
Golf02,FNC,2025-03,100,85,85,69,54,19656,7,0,742,9,5,3
India01,FNB,2025-05,97,86,84,81,80,33200,5,5,851,11,10,11
Lima03,FNC,2025-03,146,136,124,104,99,41382,5,4,704,8,6,16
Quebec01,FNC,2025-06,199,187,170,170,157,50240,3,5,802,9,8,26
Uniform03,FNA,2025-09,153,135,125,113,110,41470,0,5,302,11,7,28
Hotel04,FNC,2025-12,62,52,44,27,20,6600,2,3,396,14,5,16
Papa03,FNA,2025-12,120,112,107,102,87,37584,6,4,724,7,7,15
Alpha01,FNC,2025-06,153,149,149,143,133,46151,10,4,582,5,4,15
Bravo04,FNA,2025-09,51,40,32,31,31,15469,1,1,356,10,10,24
Victor02,FNC,2025-07,116,112,102,89,82,22386,1,5,828,1,2,14
Quebec04,FNB,2025-11,193,178,174,162,157,49769,2,0,322,13,1,26
Foxtrot01,FNA,2025-08,60,51,44,38,27,12420,4,2,563,6,7,9
Quebec02,FNC,2025-07,55,37,19,11,3,744,7,1,836,14,2,22
Mike01,FNA,2025-04,168,155,149,138,129,49923,10,4,874,15,9,7
Victor03,FNB,2025-11,191,183,174,158,153,71910,5,0,528,13,1,18
India02,FNA,2025-10,155,148,144,139,128,45952,6,5,707,0,0,26
Quebec02,FNA,2025-07,131,124,112,110,108,47304,2,2,772,15,6,26
Kilo01,FNB,2025-10,194,180,176,167,165,42240,7,5,459,1,2,11
Yankee02,FNC,2025-10,195,189,184,169,164,36900,10,4,433,15,2,24
Delta03,FNB,2025-09,69,54,38,38,31,9548,0,0,704,1,2,27
Victor03,FNC,2025-01,196,187,179,166,155,53475,8,4,695,14,7,0
Oscar04,FNA,2025-02,136,128,126,114,113,25651,0,6,504,12,10,19
India04,FNA,2025-04,160,157,147,143,134,63114,6,3,350,7,7,19
Lima04,FNC,2025-01,76,70,70,53,49,23226,10,5,358,6,1,25
Xray03,FNB,2025-10,193,187,184,167,160,72480,10,6,878,11,1,2
Tango04,FNB,2025-06,74,70,65,62,48,20400,4,4,744,6,10,13
Tango01,FNB,2025-06,85,70,66,47,47,14617,0,5,417,12,0,30
Golf02,FNC,2025-08,77,62,45,37,26,7202,8,0,516,10,8,0
Xray01,FNC,2025-04,114,113,102,100,86,26058,1,5,335,14,2,17
Sierra02,FNA,2025-12,79,60,45,35,34,11424,9,1,442,6,5,4
Papa03,FNA,2025-04,153,147,127,118,116,27724,9,3,430,0,5,18
Whiskey02,FNB,2025-12,83,74,54,39,30,14220,2,3,509,15,0,4
Delta02,FNA,2025-08,130,125,125,123,112,36400,7,4,461,4,3,12
Quebec04,FNC,2025-10,172,164,158,139,136,56440,4,4,333,12,6,29
Oscar01,FNB,2025-04,165,163,153,145,138,67758,5,3,321,0,0,18
Quebec02,FNB,2025-05,123,103,86,80,68,22440,10,2,493,13,6,0
Mike02,FNB,2025-10,138,125,111,105,93,43338,10,2,369,12,8,20
Delta04,FNB,2025-11,54,45,34,17,8,3792,8,4,505,2,2,3
Kilo02,FNA,2025-06,77,77,65,56,45,16200,1,3,698,12,8,18
Quebec04,FNC,2025-02,189,170,151,147,144,57600,6,5,861,3,1,9
Juliet03,FNA,2025-12,101,101,93,76,66,23628,4,6,371,10,3,6
Echo03,FNB,2025-09,140,135,117,101,101,46662,3,3,644,6,4,4
Echo02,FNC,2025-05,185,184,184,169,165,36795,5,4,402,8,3,8
Victor01,FNC,2025-07,140,120,103,93,90,22770,5,2,601,9,7,5
Quebec04,FNA,2025-11,125,109,99,83,73,21024,0,5,774,13,3,27
Whiskey02,FNA,2025-04,196,181,181,166,155,34100,0,2,444,0,6,22
Mike03,FNB,2025-09,58,49,33,30,20,7760,1,3,572,2,10,16
Sierra04,FNB,2025-06,71,52,43,37,27,8235,3,2,837,9,1,2
Bravo01,FNB,2025-05,157,155,146,145,130,54080,2,6,569,6,9,0
Mike04,FNB,2025-05,197,194,177,173,168,52080,5,2,368,0,3,5
Oscar03,FNA,2025-09,111,92,75,68,59,13098,3,2,788,15,3,21
Xray01,FNB,2025-11,72,67,63,53,47,19223,9,0,774,5,0,7
Charlie02,FNB,2025-10,126,125,110,95,84,25452,7,6,360,15,2,12
Papa01,FNC,2025-10,118,99,93,75,69,32292,5,4,786,5,6,19
Bravo02,FNB,2025-01,183,164,160,145,141,33981,6,4,774,12,9,15
Bravo01,FNB,2025-06,187,180,171,151,145,47560,10,4,805,3,9,24
Papa03,FNC,2025-08,110,98,80,77,63,16758,3,6,528,5,8,23
Oscar03,FNC,2025-09,179,171,160,144,140,50400,10,6,741,8,8,20
Oscar03,FNC,2025-02,162,143,143,130,129,38055,5,4,441,0,2,17
Alpha04,FNC,2025-08,109,89,74,68,55,15785,8,1,628,9,2,19
Mike03,FNC,2025-10,159,143,126,109,103,33475,10,0,594,9,6,30
India02,FNB,2025-11,55,48,30,14,7,3199,2,5,422,0,8,19
Delta04,FNC,2025-05,172,159,143,131,124,39060,2,1,490,7,8,29
Echo03,FNB,2025-09,162,147,128,123,108,23760,8,6,640,0,3,24
Xray03,FNA,2025-09,109,91,74,65,56,15232,7,3,360,2,6,2
Uniform01,FNC,2025-07,121,107,95,75,62,21514,1,1,510,3,6,27
November02,FNC,2025-03,183,177,162,160,155,33170,6,6,542,11,4,26
Papa02,FNC,2025-11,81,66,48,47,37,15392,2,0,431,9,5,7
Quebec01,FNB,2025-10,177,169,158,155,148,73556,5,4,767,0,2,25
Echo03,FNC,2025-07,57,51,36,27,18,3870,3,4,659,15,4,0
Oscar01,FNB,2025-01,92,89,80,63,56,16352,3,5,545,8,7,18
Bravo04,FNA,2025-03,178,159,157,155,150,37950,2,0,754,7,8,19
Victor01,FNA,2025-07,124,122,106,105,99,21681,6,1,536,9,8,27
Papa04,FNA,2025-11,56,46,44,25,19,7353,3,3,429,9,5,22
Uniform03,FNA,2025-05,125,107,106,86,76,29184,6,2,511,9,5,7
Charlie02,FNA,2025-08,143,132,131,131,117,28080,7,0,889,13,9,8
Romeo03,FNA,2025-10,177,177,167,150,137,61513,6,5,880,2,6,17
Charlie02,FNC,2025-12,177,167,157,152,149,70626,8,5,404,0,2,7
Romeo02,FNA,2025-02,179,159,151,148,136,52224,2,2,710,15,6,21
Juliet01,FNB,2025-10,66,61,46,38,32,9120,2,1,826,3,0,26
Tango04,FNA,2025-08,196,196,183,168,166,53452,4,2,321,4,1,15
Tango04,FNC,2025-06,112,108,99,95,84,27888,8,6,709,5,10,2
India03,FNA,2025-02,158,153,134,127,119,26061,0,0,431,4,4,11
Juliet01,FNA,2025-10,114,107,104,100,99,40986,10,4,590,2,5,11
Whiskey02,FNB,2025-01,89,72,72,63,60,21360,5,0,785,4,5,9
Papa04,FNA,2025-09,144,138,122,102,102,21828,6,1,689,4,6,19
India02,FNC,2025-10,64,58,58,39,30,8730,10,0,778,6,6,8
Uniform04,FNC,2025-08,70,62,43,40,26,12454,8,4,651,11,5,0
Tango04,FNA,2025-12,182,166,146,128,121,47916,7,6,748,7,3,2
Charlie04,FNA,2025-04,174,158,146,143,130,38480,3,1,763,1,6,19
Golf02,FNC,2025-10,181,161,145,128,125,32125,3,5,554,15,1,16
Charlie04,FNA,2025-10,177,161,161,142,128,30976,2,0,487,12,0,21
Papa01,FNB,2025-06,186,166,155,144,137,31099,10,6,811,2,9,2
India02,FNC,2025-03,75,62,51,39,27,11394,1,3,321,4,7,18
Delta03,FNA,2025-10,75,57,46,38,31,10385,9,0,314,7,4,0
Yankee03,FNA,2025-10,95,84,78,78,77,27335,6,1,883,12,7,6
Oscar03,FNC,2025-06,183,173,170,169,166,48970,2,2,789,6,9,19
Bravo02,FNC,2025-08,166,155,143,143,138,33396,2,3,578,10,7,4
Foxtrot01,FNC,2025-09,66,60,57,54,51,11322,5,1,726,6,3,1
Xray01,FNB,2025-05,114,113,111,92,90,24210,10,6,527,5,3,12
Oscar03,FNB,2025-05,127,126,113,94,88,31152,10,1,357,10,0,15
Papa02,FNB,2025-02,135,133,116,105,104,40040,2,6,326,7,10,21
Yankee03,FNA,2025-02,67,65,62,48,36,14940,9,1,481,13,5,25
November04,FNB,2025-06,122,106,88,86,79,23463,0,5,362,3,0,11
Delta03,FNA,2025-03,171,166,146,126,117,53469,5,2,375,5,7,6
Juliet01,FNA,2025-05,64,53,50,32,26,11206,4,5,352,13,6,24
Alpha03,FNC,2025-03,143,142,126,115,113,24747,8,2,887,3,9,13
Mike04,FNC,2025-12,83,80,72,57,57,21831,8,2,568,9,6,21
Golf04,FNB,2025-02,76,67,47,47,46,11086,10,2,392,7,5,14
India04,FNA,2025-10,182,175,155,153,143,54769,9,6,884,10,10,27
Lima04,FNA,2025-08,97,81,79,64,57,22002,9,3,511,11,4,26
Bravo03,FNA,2025-08,101,95,89,89,84,39984,2,6,566,11,1,3
November04,FNB,2025-11,165,147,140,127,112,39088,9,1,846,9,1,14
Oscar02,FNC,2025-12,131,114,96,86,79,19197,3,0,432,5,6,25
Uniform03,FNC,2025-10,121,110,103,103,91,35945,8,5,856,13,6,24
Juliet03,FNA,2025-09,81,75,64,61,48,23280,2,1,596,7,4,15
Romeo03,FNB,2025-10,104,90,81,66,64,21504,10,3,408,12,3,9
Tango02,FNC,2025-07,129,115,111,103,103,37389,10,5,634,2,4,13
Hotel01,FNB,2025-09,161,149,146,145,136,62016,10,2,325,10,9,19
Yankee04,FNB,2025-03,143,128,108,106,102,37944,7,4,598,1,8,1
November04,FNC,2025-01,101,86,84,75,73,31901,3,2,389,7,2,17
Charlie01,FNA,2025-01,173,160,155,152,139,58797,2,6,529,9,5,11
India02,FNA,2025-08,77,64,64,46,39,11700,7,4,551,10,2,17
Charlie01,FNC,2025-03,52,47,47,43,37,9990,8,2,592,8,10,0
Bravo02,FNB,2025-03,71,57,41,22,9,3510,9,6,587,5,8,10
Charlie03,FNA,2025-12,181,161,160,144,132,59664,1,5,519,1,8,28
Papa01,FNB,2025-10,62,58,46,46,41,15908,8,3,865,2,8,13
Delta01,FNC,2025-05,77,61,43,26,24,7464,1,1,645,4,2,27
Sierra02,FNB,2025-04,112,98,86,72,59,19942,6,0,360,13,2,16
Whiskey04,FNA,2025-05,198,182,175,175,168,63336,5,5,809,1,7,13
Charlie04,FNB,2025-03,159,141,123,107,95,42465,9,1,780,13,10,14
Juliet04,FNB,2025-02,91,82,65,59,56,16128,3,2,428,9,3,2
Mike02,FNA,2025-07,195,186,185,184,180,58860,9,2,788,6,4,28
Charlie01,FNB,2025-06,154,141,137,125,120,31680,2,5,521,3,5,15
Lima03,FNA,2025-12,117,103,102,94,80,23680,3,2,631,11,6,0
Alpha01,FNB,2025-06,160,158,139,123,120,45960,2,1,735,6,10,14
Echo03,FNC,2025-03,164,161,142,136,136,48416,6,0,552,3,10,25
Quebec03,FNC,2025-10,143,128,117,108,98,38318,5,5,673,8,5,21
Uniform02,FNB,2025-10,176,164,146,130,126,31626,0,6,312,12,10,30
Echo02,FNC,2025-10,156,138,124,118,106,51516,10,5,627,13,10,15
Victor03,FNC,2025-07,108,100,90,72,69,34293,0,1,587,2,9,12
